<?xml version="1.0" encoding="UTF-8" ?>
<!DOCTYPE mapper
  PUBLIC "-//mybatis.org//DTD Mapper 3.0//EN"
  "http://mybatis.org/dtd/mybatis-3-mapper.dtd">
<mapper namespace="the.mapper.MyBoardMapper">
  <insert id="save">
  	<!-- insert태그안쪽에선언 -->
  	<selectKey resultType="long" keyProperty="no" order="BEFORE">
  		select seq_mybo.nextval from dual
  	</selectKey>
  	<!-- insert 퀄리를 실행하기전에 Dto의 no 시퀀스값 저장 -->
  	insert into my_board
  	values(#{no}, #{subject}, #{content}, #{writer},0,sysdate, sysdate)
  </insert>
  <select id="find" resultType="the.domain.dto.myBoard.MyBoardDto">
  	select * from my_board where no=#{no}
  </select>
  <select id="pageList" resultType="the.domain.dto.myBoard.MyBoardDto">
  	select * from my_board where no>0 order by no desc
  </select>
  <select id="getRowsTotal" resultType="int">
  	select count(*)  from my_board where no>0
  </select>
</mapper>